<?xml version="1.0" encoding="UTF-8" ?>
<extension version="2.5" type="plugin" group="vmpayment">
  <name>VM Payment Citrus</name>
  <creationDate>March 15 2015</creationDate>
  <author>Viatechs Development Team</author>
  <authorUrl>http://viatechs.in/</authorUrl>
  <copyright>Copyright (C) 2013 Viatechs All rights reserved.</copyright>
  <license>Commercial</license>
  <version>1.0</version>
  <description>
    <![CDATA[<a href="http://www.citruspay.com/" target="_blank">Citrus</a> payment gateway. ]]>
  </description>
  <languages folder="language">
    <language tag="en-GB">en-GB.plg_vmpayment_citrus.ini</language>
  </languages>
  <files>
    <filename plugin="citrus">citrus.php</filename>
    <filename>logo_citrus.png</filename>
	<filename>citrus-admin.css</filename>
    <folder>language</folder>
    <folder>citrus</folder>
  </files>

  <vmconfig>
    <fields addpath="/administrator/components/com_virtuemart/fields"/>
    <fields name="params">
      <fieldset name="basic" addfieldpath="/plugins/vmpayment/citrus/fields">
        <field type="spacer" default="VMPAYMENT_CITRUS_PAYMENT_TITLE" level="level1" />
        <field type="spacer" default="" level="level1" />
        <field type="spacer" default="VMPAYMENT_CITRUS_PAYMENT_SETTINGS" level="level1" />
        <field type="spacer" default="" level="level1" />
        <field type="spacer" default="VMPAYMENT_CITRUS_PARAMS" level="level1" />
        <field name="sandbox" type="radio" default="sandbox" label="VMPAYMENT_CITRUS_GATEWAY_MODULE" description="VMPAYMENT_CITRUS_GATEWAY_MODULE_EXPLAIN">
          <option value="sandbox">VMPAYMENT_CITRUS_GATEWAY_SANDBOX</option>
          <option value="staging">VMPAYMENT_CITRUS_GATEWAY_STAGING</option>
          <option value="production">VMPAYMENT_CITRUS_GATEWAY_PRODUCTION</option>
        </field>
        <field type="text" name="vanityurl"  size="50" label="VMPAYMENT_CITRUS_VANITYURL" default="" description="VMPAYMENT_CITRUS_VANITYURL_DESC" />
        <field type="text" name="access_key"  size="50" label="VMPAYMENT_CITRUS_MERCHANTKEY" default="" description="VMPAYMENT_CITRUS_MERCHANTKEY_DESC" />
        <field type="text" name="secret_key"  size="50" label="VMPAYMENT_CITRUS_SECRETKEY" default="" description="VMPAYMENT_CITRUS_SECRETKEY_DESC" />
        <field type="spacer" default="" level="level1" />
        <field name="countries" type="vmcountries"  scope="com_virtuemart" default="" label="VMPAYMENT_CITRUS_COUNTRIES" description="VMPAYMENT_CITRUS_COUNTRIES_DESC"/>
        <field name="min_amount" type="text"  label="VMPAYMENT_CITRUS_MIN_AMOUNT" description="VMPAYMENT_CITRUS_MIN_AMOUNT_EXPLAIN" />
        <field name="max_amount" type="text"  label="VMPAYMENT_CITRUS_MAX_AMOUNT" description="VMPAYMENT_CITRUS_MAX_AMOUNT_EXPLAIN" />
        <field name="cost_per_transaction" type="text"  label="VMPAYMENT_CITRUS_COST_PER_TRANSACTION" description="VMPAYMENT_CITRUS_COST_PER_TRANSACTION_EXPLAIN" />
        <field name="cost_percent_total" type="text"  label="VMPAYMENT_CITRUS_COST_PERCENT_TOTAL" description="VMPAYMENT_CITRUS_COST_PERCENT_TOTAL_EXPLAIN" />
        <field name="tax_id" type="vmtaxes" scope="com_virtuemart"  label="VMPAYMENT_CITRUS_TAX" description="VMPAYMENT_CITRUS_TAX_EXPLAIN" />
        <field type="spacer" default="" level="level1" />
        <field name="debug" type="radio" default="0" label="VMPAYMENT_CITRUS_DEBUG" description="VMPAYMENT_CITRUS_DEBUG_DESC" >
          <option value="0">COM_VIRTUEMART_NO</option>
          <option value="1">COM_VIRTUEMART_YES</option>
        </field>
      </fieldset>
    </fields>
  </vmconfig>
</extension>
