<?xml version="1.0" encoding="utf-8"?>
<extension version="2.5" type="plugin" group="j2store" method="upgrade">
	<name>Citrus Payment Gateway</name>
	<version>1.0</version>
	<creationDate>Jul 2013</creationDate>
	<author>Viatechs</author>
	<authorEmail>support@viatechs.in</authorEmail>
	<authorUrl>http://viatechs.in</authorUrl>
	<copyright>2013 Viatechs </copyright>
	<license>GNU General Public License v2 or later</license>
	<description>J2STORE_CITRUS_PLUGINDESC</description>
	<files>
		<filename plugin="payment_citrus">payment_citrus.php</filename>
		<folder>payment_citrus</folder>  	
		<folder>citrus</folder>  	
		<folder>language</folder>
		<filename>logo_citrus.png</filename>
	</files>
	 <administration>
    <languages folder="language/en-GB">
      <language tag="en-GB">en-GB.plg_j2store_payment_citrus.ini</language>
    </languages>
  </administration>
  <languages folder="language/en-GB">
    <language tag="en-GB">en-GB.plg_j2store_payment_citrus.ini</language>
  </languages>

	<config>
	<fields name="params">
		<fieldset name="basic">
		<field name="display_name" type="text" size="30" default="" label="J2STORE_CITRUS_PLUGIN_DISPLAY_NAME" description="J2STORE_CITRUS_PLUGIN_DISPLAY_NAME_DESC"/>
		<field type="spacer" />
		
		<field name="sandbox" type="radio" default="0" label="J2STORE_CITRUS_SANDBOX" description="J2STORE_CITRUS_SANDBOX_DESC">
		  <option value="sandbox">J2STORE_CITRUS_GATEWAY_SANDBOX</option>
		  <option value="staging">J2STORE_CITRUS_GATEWAY_STAGING</option>
		  <option value="production">J2STORE_CITRUS_GATEWAY_PRODUCTION</option>
		</field>
		<field name="vanityurl" type="text" size="50" default="" label="J2STORE_CITRUS_VANITYURL" description="J2STORE_CITRUS_VANITYURL_DESC"/>	
		<field name="access_key" type="text" size="50" default="" label="J2STORE_CITRUS_ACCESS_KEY" description="J2STORE_CITRUS_ACCESS_KEY_DESC"/>	
		<field name="secret_key" type="text" size="50" default="" label="J2STORE_CITRUS_SECRET_KEY" description="J2STORE_CITRUS_SECRET_KEY_DESC"/>	

		<field type="spacer" />
		<field name="articleid" type="text" size="10" default="" label="J2STORE_CITRUS_PAYMENT_THANKS_MSG" description="J2STORE_CITRUS_PAYMENT_THANKS_MSG_DESC"/>
      <field name="sendemail" type="radio" default="0" label="Send Email -" description="Send email to customer after payment. Enable this only if you have J2Store email configured.">
        <option value="true">Enable</option>
        <option value="false">Disable</option>
      </field>
		</fieldset>
	</fields>
</config>				
</extension>